timestamp,hs_m,wind_kn,precip_mmhr,sst_c,cloud_pct
2026-05-01T00:00:00+00:00,0.69,15.5,0.0,29.87,18.4
2026-05-01T01:00:00+00:00,0.77,15.0,0.0,29.9,18.2
2026-05-01T02:00:00+00:00,0.67,16.4,0.0,30.02,27.1
2026-05-01T03:00:00+00:00,0.71,16.2,0.0,30.15,25.0
2026-05-01T04:00:00+00:00,0.73,16.2,0.0,30.26,27.5
2026-05-01T05:00:00+00:00,0.73,16.2,0.0,30.29,31.6
2026-05-01T06:00:00+00:00,0.71,16.1,0.13,30.44,36.4
2026-05-01T07:00:00+00:00,0.74,20.0,0.04,30.46,31.7
2026-05-01T08:00:00+00:00,0.69,15.0,0.01,30.56,33.5
2026-05-01T09:00:00+00:00,0.83,20.4,0.11,30.59,35.7
2026-05-01T10:00:00+00:00,0.75,15.7,0.01,30.56,24.8
2026-05-01T11:00:00+00:00,0.68,17.9,0.03,30.72,29.0
2026-05-01T12:00:00+00:00,0.82,16.5,0.0,30.48,25.0
2026-05-01T13:00:00+00:00,0.77,17.5,0.08,30.5,30.3
2026-05-01T14:00:00+00:00,0.77,15.6,0.0,30.48,27.8
2026-05-01T15:00:00+00:00,0.93,19.2,0.0,30.32,32.3
2026-05-01T16:00:00+00:00,0.91,17.7,0.0,30.25,27.7
2026-05-01T17:00:00+00:00,0.9,16.6,0.05,30.16,12.8
2026-05-01T18:00:00+00:00,0.87,17.5,0.0,30.11,15.4
2026-05-01T19:00:00+00:00,0.82,19.7,0.03,29.97,20.7
2026-05-01T20:00:00+00:00,0.79,17.4,0.03,29.93,26.0
2026-05-01T21:00:00+00:00,0.79,17.6,0.01,29.85,27.7
2026-05-01T22:00:00+00:00,0.91,17.3,0.0,29.85,25.8
2026-05-01T23:00:00+00:00,0.77,18.5,0.0,29.82,26.8
2026-05-02T00:00:00+00:00,0.82,20.3,0.0,29.89,26.3
2026-05-02T01:00:00+00:00,0.92,21.2,0.0,29.99,35.4
2026-05-02T02:00:00+00:00,0.78,19.6,0.03,30.02,29.4
2026-05-02T03:00:00+00:00,0.79,19.1,0.0,30.22,41.0
2026-05-02T04:00:00+00:00,0.7,21.6,0.05,30.35,40.5
2026-05-02T05:00:00+00:00,0.75,21.7,0.01,30.41,34.1
2026-05-02T06:00:00+00:00,0.88,21.9,0.0,30.4,39.7
2026-05-02T07:00:00+00:00,0.9,19.4,0.0,30.67,36.9
2026-05-02T08:00:00+00:00,0.9,21.5,0.03,30.69,30.1
2026-05-02T09:00:00+00:00,0.91,19.2,0.06,30.67,39.9
2026-05-02T10:00:00+00:00,0.99,19.0,0.04,30.77,37.3
2026-05-02T11:00:00+00:00,0.91,21.0,0.05,30.69,30.2
2026-05-02T12:00:00+00:00,0.78,19.4,0.0,30.65,30.1
2026-05-02T13:00:00+00:00,0.94,18.3,0.0,30.66,20.2
2026-05-02T14:00:00+00:00,0.85,18.6,0.0,30.53,22.1
2026-05-02T15:00:00+00:00,0.94,16.9,0.0,30.51,21.5
2026-05-02T16:00:00+00:00,0.95,17.5,0.0,30.32,12.1
2026-05-02T17:00:00+00:00,0.75,18.5,0.0,30.23,21.0
2026-05-02T18:00:00+00:00,0.96,16.8,0.0,30.07,11.6
2026-05-02T19:00:00+00:00,0.96,17.8,0.04,30.06,11.8
2026-05-02T20:00:00+00:00,0.8,18.4,0.0,30.07,14.1
2026-05-02T21:00:00+00:00,0.93,16.2,0.0,30.0,20.0
2026-05-02T22:00:00+00:00,0.93,15.1,0.01,29.97,12.8
2026-05-02T23:00:00+00:00,0.87,17.9,0.0,30.03,20.4
2026-05-03T00:00:00+00:00,1.04,16.2,0.13,29.97,14.6
2026-05-03T01:00:00+00:00,0.78,16.8,0.0,30.09,17.5
2026-05-03T02:00:00+00:00,0.86,17.8,0.01,30.1,21.9
2026-05-03T03:00:00+00:00,0.92,18.1,0.0,30.28,20.8
2026-05-03T04:00:00+00:00,1.0,18.2,0.0,30.35,27.5
2026-05-03T05:00:00+00:00,0.88,16.3,0.0,30.47,22.6
2026-05-03T06:00:00+00:00,0.92,16.9,0.05,30.56,24.5
2026-05-03T07:00:00+00:00,0.95,16.9,0.03,30.66,15.4
2026-05-03T08:00:00+00:00,0.93,17.9,0.0,30.71,16.2
2026-05-03T09:00:00+00:00,1.05,15.1,0.0,30.71,12.5
2026-05-03T10:00:00+00:00,0.88,16.1,0.07,30.78,16.8
2026-05-03T11:00:00+00:00,0.9,13.0,0.0,30.75,11.3
2026-05-03T12:00:00+00:00,0.76,16.2,0.0,30.69,7.9
2026-05-03T13:00:00+00:00,1.02,11.6,0.0,30.65,5.1
2026-05-03T14:00:00+00:00,0.9,13.8,0.02,30.55,6.1
2026-05-03T15:00:00+00:00,0.78,10.9,0.0,30.44,0.0
2026-05-03T16:00:00+00:00,0.86,10.6,0.1,30.39,2.0
2026-05-03T17:00:00+00:00,0.74,12.1,0.07,30.28,6.7
2026-05-03T18:00:00+00:00,0.78,11.3,0.0,30.12,0.0
2026-05-03T19:00:00+00:00,0.72,13.3,0.0,30.04,0.0
2026-05-03T20:00:00+00:00,0.64,10.1,0.02,30.1,0.0
2026-05-03T21:00:00+00:00,0.72,10.8,0.04,29.98,0.0
2026-05-03T22:00:00+00:00,0.83,11.0,0.07,30.0,0.0
2026-05-03T23:00:00+00:00,0.79,10.0,0.0,29.97,0.0
2026-05-04T00:00:00+00:00,0.76,11.0,0.05,30.06,7.0
2026-05-04T01:00:00+00:00,0.76,10.4,0.0,30.14,6.8
2026-05-04T02:00:00+00:00,0.74,11.0,0.0,30.17,13.3
2026-05-04T03:00:00+00:00,0.69,11.7,0.01,30.36,7.5
2026-05-04T04:00:00+00:00,0.69,10.2,0.0,30.47,8.2
2026-05-04T05:00:00+00:00,0.77,12.0,0.03,30.47,16.2
2026-05-04T06:00:00+00:00,0.64,9.2,0.0,30.62,9.5
2026-05-04T07:00:00+00:00,0.69,8.7,0.07,30.67,22.1
2026-05-04T08:00:00+00:00,0.59,10.4,0.0,30.68,8.6
2026-05-04T09:00:00+00:00,0.72,8.2,0.0,30.78,7.8
2026-05-04T10:00:00+00:00,0.89,9.0,0.0,30.73,10.1
2026-05-04T11:00:00+00:00,0.68,8.9,0.0,30.77,14.5
2026-05-04T12:00:00+00:00,0.56,7.6,0.04,30.79,9.7
2026-05-04T13:00:00+00:00,0.87,8.6,0.03,30.71,18.3
2026-05-04T14:00:00+00:00,0.62,6.6,0.0,30.52,1.2
2026-05-04T15:00:00+00:00,0.59,7.6,0.0,30.56,0.0
2026-05-04T16:00:00+00:00,0.45,6.2,0.0,30.42,11.0
2026-05-04T17:00:00+00:00,0.56,7.8,0.0,30.17,6.9
2026-05-04T18:00:00+00:00,0.67,5.4,0.0,30.28,9.3
2026-05-04T19:00:00+00:00,0.76,6.4,0.02,30.17,4.9
2026-05-04T20:00:00+00:00,0.63,7.4,0.01,30.0,7.3
2026-05-04T21:00:00+00:00,0.59,8.6,0.11,30.03,11.5
2026-05-04T22:00:00+00:00,0.52,6.0,0.0,29.91,15.4
2026-05-04T23:00:00+00:00,0.55,8.0,0.0,29.97,11.1
2026-05-05T00:00:00+00:00,0.6,8.4,0.0,30.04,16.7
2026-05-05T01:00:00+00:00,0.53,7.7,0.03,30.09,26.7
2026-05-05T02:00:00+00:00,0.53,8.7,0.03,30.14,14.8
2026-05-05T03:00:00+00:00,0.44,8.6,0.02,30.27,29.1
2026-05-05T04:00:00+00:00,0.58,10.7,0.03,30.35,37.9
2026-05-05T05:00:00+00:00,0.61,10.0,0.0,30.5,27.3
2026-05-05T06:00:00+00:00,0.47,8.6,0.0,30.61,36.0
2026-05-05T07:00:00+00:00,0.56,10.4,0.0,30.73,32.3
2026-05-05T08:00:00+00:00,0.49,11.5,0.01,30.81,34.8
2026-05-05T09:00:00+00:00,0.52,12.7,0.0,30.73,30.4
2026-05-05T10:00:00+00:00,0.5,11.6,0.04,30.8,31.2
2026-05-05T11:00:00+00:00,0.51,8.7,0.0,30.77,32.3
2026-05-05T12:00:00+00:00,0.54,9.9,0.0,30.74,31.9
2026-05-05T13:00:00+00:00,0.67,10.9,0.0,30.7,29.8
2026-05-05T14:00:00+00:00,0.54,10.1,0.0,30.5,25.7
2026-05-05T15:00:00+00:00,0.51,10.6,0.03,30.37,21.6
2026-05-05T16:00:00+00:00,0.49,12.3,0.05,30.37,16.3
2026-05-05T17:00:00+00:00,0.57,9.6,0.05,30.32,19.4
2026-05-05T18:00:00+00:00,0.59,9.2,0.0,30.17,21.6
2026-05-05T19:00:00+00:00,0.54,11.3,0.08,30.14,20.9
2026-05-05T20:00:00+00:00,0.55,11.2,0.0,30.07,23.0
2026-05-05T21:00:00+00:00,0.64,14.4,0.02,29.93,25.9
2026-05-05T22:00:00+00:00,0.47,12.2,0.01,29.94,20.6
2026-05-05T23:00:00+00:00,0.55,14.2,0.0,29.92,35.3
2026-05-06T00:00:00+00:00,0.44,12.5,0.02,30.03,28.1
2026-05-06T01:00:00+00:00,0.57,15.2,0.0,30.05,32.4
2026-05-06T02:00:00+00:00,0.56,17.9,0.11,30.13,39.2
2026-05-06T03:00:00+00:00,0.34,16.2,0.08,30.27,33.4
2026-05-06T04:00:00+00:00,0.31,16.4,0.0,30.32,34.4
2026-05-06T05:00:00+00:00,0.48,19.2,0.09,30.41,43.7
2026-05-06T06:00:00+00:00,0.52,18.7,0.02,30.48,39.8
2026-05-06T07:00:00+00:00,0.48,17.8,0.0,30.59,39.6
2026-05-06T08:00:00+00:00,0.55,19.6,0.0,30.67,40.3
2026-05-06T09:00:00+00:00,0.62,16.7,0.0,30.73,39.6
2026-05-06T10:00:00+00:00,0.5,18.1,0.05,30.72,26.6
2026-05-06T11:00:00+00:00,0.5,15.4,0.06,30.75,34.7
2026-05-06T12:00:00+00:00,0.39,17.5,0.17,30.69,36.5
2026-05-06T13:00:00+00:00,0.49,17.6,0.0,30.52,22.7
2026-05-06T14:00:00+00:00,0.51,16.7,0.01,30.5,18.2
2026-05-06T15:00:00+00:00,0.49,16.7,0.01,30.39,21.6
2026-05-06T16:00:00+00:00,0.56,16.4,0.0,30.33,16.3
2026-05-06T17:00:00+00:00,0.61,17.8,0.0,30.22,10.5
2026-05-06T18:00:00+00:00,0.69,17.0,0.0,30.2,19.5
2026-05-06T19:00:00+00:00,0.63,17.7,0.02,30.08,12.5
2026-05-06T20:00:00+00:00,0.74,18.1,0.0,29.99,12.2
2026-05-06T21:00:00+00:00,0.65,18.5,0.06,29.89,11.5
2026-05-06T22:00:00+00:00,0.65,19.8,0.0,29.83,15.2
2026-05-06T23:00:00+00:00,0.52,19.3,0.0,29.95,11.8
2026-05-07T00:00:00+00:00,0.61,19.7,0.01,29.97,15.6
2026-05-07T01:00:00+00:00,0.61,20.7,0.03,29.95,13.4
2026-05-07T02:00:00+00:00,0.66,21.5,0.05,30.02,24.3
2026-05-07T03:00:00+00:00,0.56,21.4,0.0,30.23,19.9
2026-05-07T04:00:00+00:00,0.67,23.7,0.03,30.28,20.5
2026-05-07T05:00:00+00:00,0.65,22.8,0.01,30.34,22.6
2026-05-07T06:00:00+00:00,0.64,21.2,0.0,30.38,16.0
2026-05-07T07:00:00+00:00,0.59,21.4,0.02,30.57,18.3
2026-05-07T08:00:00+00:00,0.7,22.7,0.0,30.55,13.3
2026-05-07T09:00:00+00:00,0.6,20.6,0.0,30.65,15.9
2026-05-07T10:00:00+00:00,0.66,18.8,0.0,30.61,16.1
2026-05-07T11:00:00+00:00,0.66,19.9,0.0,30.61,3.6
2026-05-07T12:00:00+00:00,0.65,19.4,0.07,30.61,16.1
2026-05-07T13:00:00+00:00,0.76,20.5,0.0,30.64,3.7
2026-05-07T14:00:00+00:00,0.71,18.9,0.04,30.5,0.0
2026-05-07T15:00:00+00:00,0.53,16.6,0.0,30.37,0.0
2026-05-07T16:00:00+00:00,0.69,17.7,0.0,30.28,1.6
2026-05-07T17:00:00+00:00,0.9,18.3,0.0,30.09,0.0
2026-05-07T18:00:00+00:00,0.68,19.6,0.0,30.03,0.0
2026-05-07T19:00:00+00:00,0.82,18.2,0.1,29.94,0.0
2026-05-07T20:00:00+00:00,0.66,16.8,0.0,29.88,2.3
2026-05-07T21:00:00+00:00,0.72,18.8,0.0,29.8,0.0
2026-05-07T22:00:00+00:00,0.87,18.8,0.0,29.8,0.0
2026-05-07T23:00:00+00:00,0.92,15.8,0.01,29.93,2.2
2026-05-08T00:00:00+00:00,0.89,15.5,0.0,29.84,3.5
2026-05-08T01:00:00+00:00,0.89,13.5,0.0,29.91,7.0
2026-05-08T02:00:00+00:00,0.81,16.6,0.07,30.04,3.4
2026-05-08T03:00:00+00:00,0.9,18.1,0.0,30.04,9.7
2026-05-08T04:00:00+00:00,0.65,16.5,0.09,30.18,15.1
2026-05-08T05:00:00+00:00,0.8,17.5,0.0,30.4,14.6
2026-05-08T06:00:00+00:00,0.77,16.8,0.0,30.4,8.4
2026-05-08T07:00:00+00:00,0.77,15.3,0.01,30.59,10.4
2026-05-08T08:00:00+00:00,0.88,14.9,0.01,30.43,13.6
2026-05-08T09:00:00+00:00,0.85,14.4,0.0,30.57,12.8
2026-05-08T10:00:00+00:00,0.8,15.6,0.11,30.52,9.8
2026-05-08T11:00:00+00:00,0.84,12.3,0.06,30.54,6.4
2026-05-08T12:00:00+00:00,0.94,14.4,0.14,30.55,5.8
2026-05-08T13:00:00+00:00,0.85,12.9,0.01,30.42,4.1
2026-05-08T14:00:00+00:00,0.89,12.3,0.0,30.27,0.0
2026-05-08T15:00:00+00:00,0.91,11.6,0.1,30.19,5.9
2026-05-08T16:00:00+00:00,0.76,12.6,0.05,30.11,3.2
2026-05-08T17:00:00+00:00,0.74,13.8,0.01,30.01,7.1
2026-05-08T18:00:00+00:00,0.93,10.9,0.08,29.95,3.0
2026-05-08T19:00:00+00:00,0.96,10.0,0.07,29.86,6.2
2026-05-08T20:00:00+00:00,0.9,10.9,0.0,29.85,9.3
2026-05-08T21:00:00+00:00,0.92,9.0,0.02,29.73,4.2
2026-05-08T22:00:00+00:00,1.03,9.7,0.0,29.72,16.2
2026-05-08T23:00:00+00:00,0.93,9.8,0.02,29.69,14.2
2026-05-09T00:00:00+00:00,0.9,11.0,0.03,29.73,18.8
2026-05-09T01:00:00+00:00,0.85,10.6,0.11,29.82,19.1
2026-05-09T02:00:00+00:00,0.76,11.2,0.0,29.89,32.8
2026-05-09T03:00:00+00:00,0.88,10.7,0.01,29.96,28.1
2026-05-09T04:00:00+00:00,0.85,9.9,0.04,30.05,31.2
2026-05-09T05:00:00+00:00,0.9,11.0,0.0,30.19,29.3
2026-05-09T06:00:00+00:00,1.01,11.2,0.0,30.21,36.6
2026-05-09T07:00:00+00:00,1.0,10.4,0.02,30.36,31.9
2026-05-09T08:00:00+00:00,0.81,9.4,0.0,30.53,33.2
2026-05-09T09:00:00+00:00,0.71,10.6,0.04,30.47,26.5
2026-05-09T10:00:00+00:00,0.79,8.2,0.01,30.47,30.6
2026-05-09T11:00:00+00:00,0.98,9.3,0.0,30.49,28.9
2026-05-09T12:00:00+00:00,1.0,6.7,0.1,30.41,28.7
2026-05-09T13:00:00+00:00,1.01,9.9,0.04,30.27,32.8
2026-05-09T14:00:00+00:00,0.8,6.6,0.02,30.24,25.0
2026-05-09T15:00:00+00:00,0.99,6.0,0.11,30.2,27.2
2026-05-09T16:00:00+00:00,0.89,8.2,0.0,30.07,26.6
2026-05-09T17:00:00+00:00,0.88,5.7,0.0,30.02,16.7
2026-05-09T18:00:00+00:00,0.98,6.0,0.0,29.8,18.6
2026-05-09T19:00:00+00:00,0.79,7.7,0.0,29.83,25.5
2026-05-09T20:00:00+00:00,0.92,7.4,0.06,29.76,26.5
2026-05-09T21:00:00+00:00,0.88,6.5,0.01,29.7,30.3
2026-05-09T22:00:00+00:00,0.76,7.7,0.06,29.63,32.3
2026-05-09T23:00:00+00:00,0.88,8.3,0.0,29.72,31.3
2026-05-10T00:00:00+00:00,0.91,7.6,0.06,29.72,32.4
2026-05-10T01:00:00+00:00,0.73,7.4,0.0,29.74,37.7
2026-05-10T02:00:00+00:00,0.83,8.4,0.06,29.89,35.4
2026-05-10T03:00:00+00:00,0.86,8.8,0.04,30.0,36.8
2026-05-10T04:00:00+00:00,0.78,10.8,0.0,30.03,40.8
2026-05-10T05:00:00+00:00,0.7,11.3,0.05,30.22,39.6
2026-05-10T06:00:00+00:00,0.63,10.0,0.0,30.24,41.9
2026-05-10T07:00:00+00:00,0.75,12.5,0.04,30.39,41.7
2026-05-10T08:00:00+00:00,0.86,11.2,0.0,30.41,37.7
2026-05-10T09:00:00+00:00,0.76,10.0,0.0,30.3,41.7
2026-05-10T10:00:00+00:00,0.81,11.2,0.0,30.39,32.3
2026-05-10T11:00:00+00:00,0.83,13.2,0.0,30.42,32.6
2026-05-10T12:00:00+00:00,0.74,10.1,0.0,30.31,25.3
2026-05-10T13:00:00+00:00,0.87,10.6,0.03,30.25,29.6
2026-05-10T14:00:00+00:00,0.68,9.3,0.04,30.25,22.5
2026-05-10T15:00:00+00:00,0.57,9.8,0.03,30.13,13.2
2026-05-10T16:00:00+00:00,0.69,11.0,0.0,30.01,21.6
2026-05-10T17:00:00+00:00,0.71,13.1,0.07,29.85,20.0
2026-05-10T18:00:00+00:00,0.77,10.9,0.01,29.89,18.1
2026-05-10T19:00:00+00:00,0.76,11.1,0.03,29.78,14.5
2026-05-10T20:00:00+00:00,0.68,11.0,0.0,29.67,18.0
2026-05-10T21:00:00+00:00,0.75,15.3,0.04,29.58,15.5
2026-05-10T22:00:00+00:00,0.79,12.2,0.0,29.62,18.7
2026-05-10T23:00:00+00:00,0.76,14.3,0.12,29.63,19.4
2026-05-11T00:00:00+00:00,0.59,12.5,0.0,29.7,21.8
2026-05-11T01:00:00+00:00,0.77,15.6,0.03,29.83,11.6
2026-05-11T02:00:00+00:00,0.69,14.3,0.0,29.9,10.4
2026-05-11T03:00:00+00:00,0.75,15.3,0.06,29.87,24.9
2026-05-11T04:00:00+00:00,0.74,18.6,0.0,29.95,18.1
2026-05-11T05:00:00+00:00,0.43,15.4,0.01,30.07,21.1
2026-05-11T06:00:00+00:00,0.61,17.5,0.03,30.18,16.9
2026-05-11T07:00:00+00:00,0.6,15.1,0.0,30.27,13.8
2026-05-11T08:00:00+00:00,0.61,15.4,0.01,30.28,17.4
2026-05-11T09:00:00+00:00,0.56,18.1,0.0,30.38,14.7
2026-05-11T10:00:00+00:00,0.52,18.6,0.06,30.35,23.3
2026-05-11T11:00:00+00:00,0.59,19.1,0.02,30.4,9.9
2026-05-11T12:00:00+00:00,0.65,17.5,0.01,30.32,6.3
2026-05-11T13:00:00+00:00,0.64,20.7,0.02,30.26,5.9
2026-05-11T14:00:00+00:00,0.46,16.7,0.01,30.19,4.8
2026-05-11T15:00:00+00:00,0.71,16.4,0.09,30.18,7.9
2026-05-11T16:00:00+00:00,0.46,16.3,0.04,29.96,2.1
2026-05-11T17:00:00+00:00,0.53,15.7,0.0,29.9,0.0
2026-05-11T18:00:00+00:00,0.64,17.5,0.04,29.9,1.9
2026-05-11T19:00:00+00:00,0.55,16.9,0.03,29.67,0.0
2026-05-11T20:00:00+00:00,0.51,17.1,0.05,29.63,4.0
2026-05-11T21:00:00+00:00,0.62,18.9,0.0,29.62,0.0
2026-05-11T22:00:00+00:00,0.63,16.7,0.01,29.64,4.7
2026-05-11T23:00:00+00:00,0.37,20.9,0.03,29.67,0.9
2026-05-12T00:00:00+00:00,0.4,19.7,0.06,29.68,9.9
2026-05-12T01:00:00+00:00,0.52,20.8,0.0,29.78,4.6
2026-05-12T02:00:00+00:00,0.47,21.4,0.02,29.78,7.7
2026-05-12T03:00:00+00:00,0.49,18.7,0.03,29.84,13.0
2026-05-12T04:00:00+00:00,0.58,21.3,0.0,30.02,15.1
2026-05-12T05:00:00+00:00,0.45,22.4,0.03,30.04,5.5
2026-05-12T06:00:00+00:00,0.57,22.0,0.02,30.29,17.6
2026-05-12T07:00:00+00:00,0.42,21.6,0.01,30.33,10.7
2026-05-12T08:00:00+00:00,0.62,21.2,0.04,30.33,11.8
2026-05-12T09:00:00+00:00,0.55,21.2,0.04,30.4,15.3
2026-05-12T10:00:00+00:00,0.48,19.2,0.09,30.38,6.2
2026-05-12T11:00:00+00:00,0.55,18.9,0.0,30.35,5.7
2026-05-12T12:00:00+00:00,0.46,20.0,0.0,30.38,8.6
2026-05-12T13:00:00+00:00,0.62,19.5,0.0,30.33,14.1
2026-05-12T14:00:00+00:00,0.49,19.7,0.0,30.21,2.8
2026-05-12T15:00:00+00:00,0.55,19.1,0.0,30.1,0.0
2026-05-12T16:00:00+00:00,0.61,18.6,0.01,30.01,7.0
2026-05-12T17:00:00+00:00,0.56,15.9,0.0,29.97,6.6
2026-05-12T18:00:00+00:00,0.54,15.5,0.06,29.81,10.6
2026-05-12T19:00:00+00:00,0.41,18.0,0.0,29.7,0.0
2026-05-12T20:00:00+00:00,0.5,17.3,0.0,29.62,13.8
2026-05-12T21:00:00+00:00,0.4,17.1,0.06,29.66,8.6
2026-05-12T22:00:00+00:00,0.54,17.9,0.0,29.63,14.1
2026-05-12T23:00:00+00:00,0.5,17.7,0.0,29.67,9.7
2026-05-13T00:00:00+00:00,0.55,16.1,0.0,29.62,17.1
2026-05-13T01:00:00+00:00,0.56,18.4,0.04,29.79,20.6
2026-05-13T02:00:00+00:00,0.52,17.1,0.02,29.85,33.5
2026-05-13T03:00:00+00:00,0.52,18.6,0.08,29.88,34.0
2026-05-13T04:00:00+00:00,0.48,17.3,0.0,30.08,30.2
2026-05-13T05:00:00+00:00,0.49,18.5,0.01,30.22,30.3
2026-05-13T06:00:00+00:00,0.51,17.1,0.0,30.32,37.6
2026-05-13T07:00:00+00:00,0.65,16.2,0.08,30.31,27.8
2026-05-13T08:00:00+00:00,0.61,15.3,0.04,30.52,33.3
2026-05-13T09:00:00+00:00,0.63,17.1,0.01,30.5,34.0
2026-05-13T10:00:00+00:00,0.58,15.4,0.1,30.54,31.5
2026-05-13T11:00:00+00:00,0.64,16.3,0.0,30.48,25.7
2026-05-13T12:00:00+00:00,0.5,14.8,0.01,30.49,22.2
2026-05-13T13:00:00+00:00,0.59,13.1,0.1,30.34,23.6
2026-05-13T14:00:00+00:00,0.69,10.1,0.0,30.25,28.2
2026-05-13T15:00:00+00:00,0.68,13.6,0.12,30.24,23.3
2026-05-13T16:00:00+00:00,0.59,10.3,0.0,30.08,22.7
2026-05-13T17:00:00+00:00,0.64,10.7,0.0,30.06,29.9
2026-05-13T18:00:00+00:00,0.72,10.6,0.02,29.85,20.0
2026-05-13T19:00:00+00:00,0.69,10.2,0.01,29.86,22.4
2026-05-13T20:00:00+00:00,0.72,9.1,0.05,29.75,31.7
2026-05-13T21:00:00+00:00,0.62,9.0,0.07,29.73,21.2
2026-05-13T22:00:00+00:00,0.79,10.8,0.09,29.69,31.1
2026-05-13T23:00:00+00:00,0.52,9.8,0.0,29.73,31.6
2026-05-14T00:00:00+00:00,0.69,9.7,0.0,29.79,31.4
2026-05-14T01:00:00+00:00,0.74,8.0,0.04,29.8,32.8
2026-05-14T02:00:00+00:00,0.74,11.7,0.0,29.93,38.7
2026-05-14T03:00:00+00:00,0.69,8.9,0.0,30.07,42.2
2026-05-14T04:00:00+00:00,0.76,10.8,0.02,30.17,39.2
2026-05-14T05:00:00+00:00,0.7,12.6,0.0,30.23,42.0
2026-05-14T06:00:00+00:00,0.95,9.6,0.0,30.3,40.8
2026-05-14T07:00:00+00:00,0.71,9.0,0.07,30.43,42.5
2026-05-14T08:00:00+00:00,0.8,10.1,0.0,30.45,43.2
2026-05-14T09:00:00+00:00,0.8,8.4,0.09,30.58,29.8
2026-05-14T10:00:00+00:00,0.83,9.5,0.0,30.56,33.8
2026-05-14T11:00:00+00:00,0.83,7.7,0.0,30.56,23.2
2026-05-14T12:00:00+00:00,0.78,8.7,0.0,30.42,24.8
2026-05-14T13:00:00+00:00,0.72,7.5,0.0,30.42,28.2
2026-05-14T14:00:00+00:00,0.8,6.8,0.05,30.34,23.9
2026-05-14T15:00:00+00:00,0.95,4.4,0.0,30.36,18.1
2026-05-14T16:00:00+00:00,0.84,7.0,0.0,30.22,20.2
2026-05-14T17:00:00+00:00,0.89,5.6,0.01,30.09,20.7
2026-05-14T18:00:00+00:00,0.79,7.5,0.07,30.0,11.7
2026-05-14T19:00:00+00:00,0.91,6.1,0.02,29.91,13.8
2026-05-14T20:00:00+00:00,0.79,6.9,0.0,29.86,20.9
2026-05-14T21:00:00+00:00,0.96,6.6,0.03,29.81,19.0
2026-05-14T22:00:00+00:00,0.8,6.7,0.0,29.82,19.0
2026-05-14T23:00:00+00:00,0.98,8.4,0.0,29.87,21.3
2026-05-15T00:00:00+00:00,0.8,6.9,0.06,29.81,19.9
2026-05-15T01:00:00+00:00,1.0,7.1,0.04,29.98,16.9
2026-05-15T02:00:00+00:00,0.69,9.3,0.01,30.06,21.8
2026-05-15T03:00:00+00:00,0.87,10.2,0.04,30.12,25.8
2026-05-15T04:00:00+00:00,1.0,10.3,0.05,30.22,26.8
2026-05-15T05:00:00+00:00,0.9,9.0,0.02,30.42,20.6
2026-05-15T06:00:00+00:00,0.87,7.9,0.0,30.45,14.5
2026-05-15T07:00:00+00:00,0.91,11.6,0.03,30.53,18.2
2026-05-15T08:00:00+00:00,0.74,11.6,0.0,30.62,13.0
2026-05-15T09:00:00+00:00,0.97,11.7,0.0,30.75,23.4
2026-05-15T10:00:00+00:00,1.03,9.8,0.0,30.67,14.6
2026-05-15T11:00:00+00:00,1.01,11.2,0.02,30.66,10.6
2026-05-15T12:00:00+00:00,0.87,11.4,0.0,30.52,3.2
2026-05-15T13:00:00+00:00,0.97,8.1,0.04,30.55,7.6
2026-05-15T14:00:00+00:00,0.96,9.4,0.07,30.48,5.8
2026-05-15T15:00:00+00:00,0.98,10.8,0.0,30.33,0.0
2026-05-15T16:00:00+00:00,0.95,11.2,0.05,30.19,0.0
2026-05-15T17:00:00+00:00,0.89,9.6,0.03,30.1,0.1
2026-05-15T18:00:00+00:00,0.97,11.1,0.03,30.06,0.0
2026-05-15T19:00:00+00:00,0.91,12.0,0.08,29.88,0.0
2026-05-15T20:00:00+00:00,0.89,11.4,0.0,29.89,0.0
2026-05-15T21:00:00+00:00,1.08,14.1,0.0,29.89,0.9
2026-05-15T22:00:00+00:00,0.8,14.3,0.0,29.85,3.8
2026-05-15T23:00:00+00:00,0.91,12.1,0.04,29.92,4.9
2026-05-16T00:00:00+00:00,0.96,13.9,0.12,29.93,0.0
2026-05-16T01:00:00+00:00,0.84,14.2,0.05,30.01,8.3
2026-05-16T02:00:00+00:00,0.87,14.2,0.01,30.06,2.0
2026-05-16T03:00:00+00:00,0.78,15.8,0.02,30.15,18.6
2026-05-16T04:00:00+00:00,0.73,16.9,0.0,30.32,12.8
2026-05-16T05:00:00+00:00,0.88,17.6,0.04,30.53,7.9
2026-05-16T06:00:00+00:00,0.81,17.4,0.0,30.49,7.3
2026-05-16T07:00:00+00:00,0.82,18.0,0.0,30.6,8.6
2026-05-16T08:00:00+00:00,0.83,17.0,0.0,30.69,7.9
2026-05-16T09:00:00+00:00,0.74,18.4,0.03,30.73,13.3
2026-05-16T10:00:00+00:00,0.85,18.2,0.0,30.67,11.8
2026-05-16T11:00:00+00:00,0.75,18.6,0.0,30.72,6.1
2026-05-16T12:00:00+00:00,0.88,17.6,0.02,30.76,4.8
2026-05-16T13:00:00+00:00,0.88,18.7,0.04,30.63,3.2
2026-05-16T14:00:00+00:00,0.95,15.0,0.01,30.58,11.5
2026-05-16T15:00:00+00:00,0.93,16.5,0.03,30.43,3.8
2026-05-16T16:00:00+00:00,0.75,15.6,0.06,30.32,0.0
2026-05-16T17:00:00+00:00,0.74,18.0,0.0,30.17,0.0
2026-05-16T18:00:00+00:00,0.74,14.9,0.0,30.18,6.1
2026-05-16T19:00:00+00:00,0.71,18.3,0.0,30.15,2.7
2026-05-16T20:00:00+00:00,0.77,17.3,0.0,30.08,5.0
2026-05-16T21:00:00+00:00,0.88,17.6,0.0,29.96,8.1
2026-05-16T22:00:00+00:00,0.68,19.7,0.02,30.05,13.3
2026-05-16T23:00:00+00:00,0.71,19.1,0.06,29.92,14.4
2026-05-17T00:00:00+00:00,0.76,19.5,0.0,29.95,20.7
2026-05-17T01:00:00+00:00,0.72,21.3,0.0,30.12,23.6
2026-05-17T02:00:00+00:00,0.72,20.7,0.0,30.1,27.1
2026-05-17T03:00:00+00:00,0.71,21.2,0.0,30.25,26.9
2026-05-17T04:00:00+00:00,0.81,20.3,0.08,30.31,27.0
2026-05-17T05:00:00+00:00,0.71,21.0,0.04,30.49,27.5
2026-05-17T06:00:00+00:00,0.58,22.7,0.0,30.62,35.6
2026-05-17T07:00:00+00:00,0.85,18.5,0.04,30.66,36.1
2026-05-17T08:00:00+00:00,0.62,20.4,0.02,30.72,34.1
2026-05-17T09:00:00+00:00,0.5,23.8,0.0,30.79,29.9
2026-05-17T10:00:00+00:00,0.63,19.6,0.1,30.83,34.5
2026-05-17T11:00:00+00:00,0.8,19.5,0.02,30.8,27.9
2026-05-17T12:00:00+00:00,0.61,19.7,0.06,30.76,28.5
2026-05-17T13:00:00+00:00,0.82,19.0,0.0,30.65,23.2
2026-05-17T14:00:00+00:00,0.74,18.2,0.0,30.53,32.4
2026-05-17T15:00:00+00:00,0.65,19.2,0.02,30.52,24.5
2026-05-17T16:00:00+00:00,0.68,17.0,0.0,30.33,26.2
2026-05-17T17:00:00+00:00,0.7,18.4,0.0,30.21,16.5
2026-05-17T18:00:00+00:00,0.58,16.6,0.01,30.02,27.9
2026-05-17T19:00:00+00:00,0.56,16.8,0.0,30.09,18.2
2026-05-17T20:00:00+00:00,0.53,18.1,0.0,30.01,20.7
2026-05-17T21:00:00+00:00,0.79,14.8,0.06,30.03,27.9
2026-05-17T22:00:00+00:00,0.62,17.1,0.0,29.96,27.0
2026-05-17T23:00:00+00:00,0.56,17.1,0.0,29.97,35.1
2026-05-18T00:00:00+00:00,0.48,17.4,0.01,30.01,38.3
2026-05-18T01:00:00+00:00,0.6,17.5,0.03,30.06,35.3
2026-05-18T02:00:00+00:00,0.53,17.7,0.0,30.23,38.0
2026-05-18T03:00:00+00:00,0.47,19.1,0.02,30.35,34.5
2026-05-18T04:00:00+00:00,0.65,16.7,0.0,30.41,39.1
2026-05-18T05:00:00+00:00,0.55,17.8,0.0,30.61,44.7
2026-05-18T06:00:00+00:00,0.49,17.7,0.0,30.53,37.8
2026-05-18T07:00:00+00:00,0.68,16.8,0.0,30.67,40.9
2026-05-18T08:00:00+00:00,0.57,16.8,0.03,30.81,35.2
2026-05-18T09:00:00+00:00,0.62,16.5,0.0,30.89,29.8
2026-05-18T10:00:00+00:00,0.45,14.3,0.0,30.79,34.0
2026-05-18T11:00:00+00:00,0.53,14.9,0.01,30.75,25.2
2026-05-18T12:00:00+00:00,0.47,15.2,0.06,30.72,27.6
2026-05-18T13:00:00+00:00,0.59,12.6,0.0,30.75,28.6
2026-05-18T14:00:00+00:00,0.48,11.4,0.01,30.58,24.0
2026-05-18T15:00:00+00:00,0.46,13.1,0.0,30.52,18.6
2026-05-18T16:00:00+00:00,0.56,11.8,0.02,30.39,20.0
2026-05-18T17:00:00+00:00,0.41,11.9,0.02,30.3,16.2
2026-05-18T18:00:00+00:00,0.51,10.7,0.0,30.15,23.4
2026-05-18T19:00:00+00:00,0.33,11.3,0.0,30.11,18.1
2026-05-18T20:00:00+00:00,0.38,9.6,0.01,30.04,9.0
2026-05-18T21:00:00+00:00,0.56,10.0,0.0,30.05,18.0
2026-05-18T22:00:00+00:00,0.52,10.6,0.0,30.0,18.5
2026-05-18T23:00:00+00:00,0.45,11.6,0.0,30.04,17.3
2026-05-19T00:00:00+00:00,0.46,10.1,0.03,29.99,22.5
2026-05-19T01:00:00+00:00,0.52,12.2,0.06,30.1,16.2
2026-05-19T02:00:00+00:00,0.4,11.4,0.0,30.17,25.4
2026-05-19T03:00:00+00:00,0.51,12.2,0.0,30.32,18.8
2026-05-19T04:00:00+00:00,0.55,9.8,0.0,30.44,26.7
2026-05-19T05:00:00+00:00,0.49,10.7,0.02,30.47,19.9
2026-05-19T06:00:00+00:00,0.67,10.8,0.0,30.62,17.4
2026-05-19T07:00:00+00:00,0.58,9.7,0.05,30.68,13.9
2026-05-19T08:00:00+00:00,0.62,10.8,0.08,30.71,9.6
2026-05-19T09:00:00+00:00,0.43,11.0,0.0,30.77,12.1
2026-05-19T10:00:00+00:00,0.55,9.0,0.0,30.75,10.7
2026-05-19T11:00:00+00:00,0.48,6.9,0.0,30.71,10.1
2026-05-19T12:00:00+00:00,0.63,8.4,0.0,30.73,0.3
2026-05-19T13:00:00+00:00,0.54,6.4,0.05,30.73,5.7
2026-05-19T14:00:00+00:00,0.45,9.7,0.08,30.67,6.3
2026-05-19T15:00:00+00:00,0.58,9.1,0.0,30.44,0.0
2026-05-19T16:00:00+00:00,0.61,5.9,0.01,30.34,2.8
2026-05-19T17:00:00+00:00,0.54,4.4,0.13,30.25,0.0
2026-05-19T18:00:00+00:00,0.6,6.1,0.03,30.15,0.0
2026-05-19T19:00:00+00:00,0.51,6.0,0.0,30.0,0.0
2026-05-19T20:00:00+00:00,0.52,4.6,0.0,30.05,0.0
2026-05-19T21:00:00+00:00,0.68,8.4,0.0,29.94,0.0
2026-05-19T22:00:00+00:00,0.6,6.4,0.0,29.91,0.2
2026-05-19T23:00:00+00:00,0.58,8.0,0.0,29.98,0.0
2026-05-20T00:00:00+00:00,0.6,7.3,0.0,29.94,11.6
2026-05-20T01:00:00+00:00,0.63,9.0,0.08,30.11,8.7
2026-05-20T02:00:00+00:00,0.74,8.2,0.0,30.13,3.7
2026-05-20T03:00:00+00:00,0.66,9.0,0.0,30.18,10.6
2026-05-20T04:00:00+00:00,0.74,11.7,0.07,30.33,8.6
2026-05-20T05:00:00+00:00,0.73,10.8,0.0,30.47,9.6
2026-05-20T06:00:00+00:00,0.65,11.4,0.03,30.58,12.3
2026-05-20T07:00:00+00:00,0.68,12.3,0.0,30.63,13.9
2026-05-20T08:00:00+00:00,0.7,10.5,0.0,30.74,15.6
2026-05-20T09:00:00+00:00,0.72,11.9,0.03,30.76,11.2
2026-05-20T10:00:00+00:00,0.72,10.4,0.01,30.78,12.5
2026-05-20T11:00:00+00:00,0.78,10.7,0.0,30.7,2.0
2026-05-20T12:00:00+00:00,0.5,9.6,0.0,30.61,12.8
2026-05-20T13:00:00+00:00,0.64,12.7,0.0,30.5,2.8
2026-05-20T14:00:00+00:00,0.76,9.6,0.0,30.55,6.7
2026-05-20T15:00:00+00:00,3.18,35.3,7.22,30.4,56.9
2026-05-20T16:00:00+00:00,3.8,36.4,7.22,30.42,62.1
2026-05-20T17:00:00+00:00,3.77,37.4,8.7,30.23,59.1
2026-05-20T18:00:00+00:00,4.06,41.9,8.19,30.08,58.1
2026-05-20T19:00:00+00:00,4.33,40.6,8.9,29.96,71.5
2026-05-20T20:00:00+00:00,4.15,38.7,7.74,29.88,70.2
2026-05-20T21:00:00+00:00,3.69,40.5,8.03,29.86,71.6
2026-05-20T22:00:00+00:00,3.83,40.9,7.21,29.79,68.5
2026-05-20T23:00:00+00:00,3.84,36.4,7.19,29.91,62.0
2026-05-21T00:00:00+00:00,3.43,38.1,7.06,29.97,69.8
2026-05-21T01:00:00+00:00,3.55,37.2,6.86,29.94,62.2
2026-05-21T02:00:00+00:00,3.28,37.5,6.05,29.98,65.2
2026-05-21T03:00:00+00:00,2.9,34.9,5.96,30.21,69.8
2026-05-21T04:00:00+00:00,3.07,34.5,5.82,30.27,72.0
2026-05-21T05:00:00+00:00,2.93,32.0,5.33,30.34,64.0
2026-05-21T06:00:00+00:00,3.17,32.2,4.25,30.45,64.4
2026-05-21T07:00:00+00:00,0.85,14.4,0.0,30.64,30.7
2026-05-21T08:00:00+00:00,0.88,21.6,0.0,30.55,35.2
2026-05-21T09:00:00+00:00,0.89,16.5,0.0,30.58,35.3
2026-05-21T10:00:00+00:00,0.77,18.0,0.08,30.55,33.6
2026-05-21T11:00:00+00:00,0.8,17.5,0.02,30.63,30.4
2026-05-21T12:00:00+00:00,0.92,17.9,0.03,30.6,26.2
2026-05-21T13:00:00+00:00,0.91,16.8,0.0,30.42,25.0
2026-05-21T14:00:00+00:00,1.01,19.4,0.01,30.35,35.1
2026-05-21T15:00:00+00:00,0.9,18.0,0.0,30.31,29.8
2026-05-21T16:00:00+00:00,0.88,17.7,0.0,30.32,18.3
2026-05-21T17:00:00+00:00,0.94,14.7,0.0,30.13,22.7
2026-05-21T18:00:00+00:00,0.99,17.6,0.06,30.0,27.3
2026-05-21T19:00:00+00:00,1.03,17.5,0.0,29.9,23.1
2026-05-21T20:00:00+00:00,0.91,19.2,0.02,29.87,23.3
2026-05-21T21:00:00+00:00,0.87,18.7,0.0,29.77,28.5
2026-05-21T22:00:00+00:00,0.89,18.3,0.0,29.83,27.9
2026-05-21T23:00:00+00:00,0.96,19.2,0.01,29.86,26.1
2026-05-22T00:00:00+00:00,0.95,21.1,0.0,29.87,31.4
2026-05-22T01:00:00+00:00,0.83,18.9,0.0,29.84,37.4
2026-05-22T02:00:00+00:00,1.0,21.2,0.0,30.0,41.8
2026-05-22T03:00:00+00:00,0.86,21.2,0.0,30.07,42.4
2026-05-22T04:00:00+00:00,0.95,22.9,0.05,30.25,38.3
2026-05-22T05:00:00+00:00,0.92,21.2,0.03,30.31,35.1
2026-05-22T06:00:00+00:00,0.88,22.8,0.0,30.45,43.7
2026-05-22T07:00:00+00:00,0.82,23.8,0.0,30.44,44.2
2026-05-22T08:00:00+00:00,0.84,21.3,0.02,30.45,35.1
2026-05-22T09:00:00+00:00,0.8,20.9,0.0,30.55,32.3
2026-05-22T10:00:00+00:00,0.89,19.5,0.01,30.62,35.5
2026-05-22T11:00:00+00:00,0.85,18.7,0.07,30.56,33.6
2026-05-22T12:00:00+00:00,0.86,17.6,0.0,30.55,27.0
2026-05-22T13:00:00+00:00,0.88,20.7,0.0,30.47,25.3
2026-05-22T14:00:00+00:00,0.85,18.0,0.04,30.4,22.0
2026-05-22T15:00:00+00:00,0.77,17.2,0.0,30.25,26.4
2026-05-22T16:00:00+00:00,0.94,16.2,0.0,30.12,27.0
2026-05-22T17:00:00+00:00,0.84,17.7,0.06,30.08,15.3
2026-05-22T18:00:00+00:00,1.0,17.4,0.0,29.9,16.7
2026-05-22T19:00:00+00:00,0.85,17.4,0.0,29.81,18.8
2026-05-22T20:00:00+00:00,0.95,16.0,0.0,29.84,21.1
2026-05-22T21:00:00+00:00,0.89,17.5,0.0,29.55,11.8
2026-05-22T22:00:00+00:00,0.94,15.1,0.0,29.86,10.8
2026-05-22T23:00:00+00:00,0.88,18.4,0.05,29.74,16.9
2026-05-23T00:00:00+00:00,0.7,17.2,0.02,29.7,18.3
2026-05-23T01:00:00+00:00,0.81,19.7,0.03,29.84,15.0
2026-05-23T02:00:00+00:00,0.75,19.1,0.0,29.92,22.2
2026-05-23T03:00:00+00:00,0.85,18.4,0.0,29.92,17.7
2026-05-23T04:00:00+00:00,0.81,18.1,0.05,30.07,18.1
2026-05-23T05:00:00+00:00,0.78,18.7,0.01,30.2,22.3
2026-05-23T06:00:00+00:00,0.75,16.1,0.09,30.26,20.2
2026-05-23T07:00:00+00:00,0.75,18.3,0.01,30.41,23.4
2026-05-23T08:00:00+00:00,0.74,16.4,0.0,30.38,22.4
2026-05-23T09:00:00+00:00,0.64,16.6,0.01,30.5,18.8
2026-05-23T10:00:00+00:00,0.75,13.3,0.0,30.44,18.0
2026-05-23T11:00:00+00:00,0.84,15.9,0.0,30.44,13.8
2026-05-23T12:00:00+00:00,0.71,12.6,0.06,30.43,11.1
2026-05-23T13:00:00+00:00,0.76,14.9,0.0,30.36,0.0
2026-05-23T14:00:00+00:00,0.76,13.9,0.0,30.33,3.8
2026-05-23T15:00:00+00:00,0.69,11.8,0.0,30.25,0.0
2026-05-23T16:00:00+00:00,0.61,11.9,0.0,30.04,2.9
2026-05-23T17:00:00+00:00,0.64,10.6,0.0,29.99,3.3
2026-05-23T18:00:00+00:00,0.76,11.1,0.0,29.8,0.0
2026-05-23T19:00:00+00:00,0.67,11.5,0.01,29.82,0.0
2026-05-23T20:00:00+00:00,0.77,11.2,0.0,29.7,0.0
2026-05-23T21:00:00+00:00,0.6,11.5,0.0,29.7,0.7
2026-05-23T22:00:00+00:00,0.69,10.1,0.03,29.65,0.0
2026-05-23T23:00:00+00:00,0.64,10.5,0.0,29.71,0.0
2026-05-24T00:00:00+00:00,0.63,10.1,0.0,29.67,2.8
2026-05-24T01:00:00+00:00,0.66,10.6,0.0,29.85,1.0
2026-05-24T02:00:00+00:00,0.61,10.8,0.03,29.8,9.8
2026-05-24T03:00:00+00:00,0.63,13.1,0.09,29.87,7.2
2026-05-24T04:00:00+00:00,0.54,10.6,0.0,29.98,11.5
2026-05-24T05:00:00+00:00,0.56,9.2,0.0,30.12,8.5
2026-05-24T06:00:00+00:00,0.53,12.6,0.01,30.24,12.7
2026-05-24T07:00:00+00:00,0.45,11.6,0.0,30.38,12.4
2026-05-24T08:00:00+00:00,0.69,9.6,0.0,30.37,11.0
2026-05-24T09:00:00+00:00,0.59,7.6,0.0,30.43,9.7
2026-05-24T10:00:00+00:00,0.5,7.6,0.0,30.39,9.4
2026-05-24T11:00:00+00:00,0.45,8.6,0.0,30.47,13.9
2026-05-24T12:00:00+00:00,0.65,8.6,0.0,30.37,7.7
2026-05-24T13:00:00+00:00,0.43,7.6,0.02,30.29,9.7
2026-05-24T14:00:00+00:00,0.77,6.0,0.04,30.16,0.0
2026-05-24T15:00:00+00:00,0.55,6.5,0.0,30.09,5.1
2026-05-24T16:00:00+00:00,0.39,4.8,0.0,29.91,2.6
2026-05-24T17:00:00+00:00,0.39,7.5,0.02,29.92,13.3
2026-05-24T18:00:00+00:00,0.56,4.8,0.04,29.89,6.2
2026-05-24T19:00:00+00:00,0.41,7.5,0.0,29.77,2.2
2026-05-24T20:00:00+00:00,0.47,6.0,0.01,29.68,8.1
2026-05-24T21:00:00+00:00,0.45,6.2,0.0,29.65,9.4
2026-05-24T22:00:00+00:00,0.57,8.7,0.03,29.6,10.2
2026-05-24T23:00:00+00:00,0.54,6.7,0.0,29.59,14.3
2026-05-25T00:00:00+00:00,0.43,9.6,0.07,29.72,18.2
2026-05-25T01:00:00+00:00,0.44,7.1,0.02,29.69,19.8
2026-05-25T02:00:00+00:00,0.64,10.5,0.0,29.84,14.5
2026-05-25T03:00:00+00:00,0.56,8.4,0.06,29.88,25.7
2026-05-25T04:00:00+00:00,0.45,10.1,0.0,29.98,29.9
2026-05-25T05:00:00+00:00,0.58,11.3,0.01,30.12,37.7
2026-05-25T06:00:00+00:00,0.57,10.3,0.0,30.19,33.3
2026-05-25T07:00:00+00:00,0.41,12.8,0.01,30.28,33.8
2026-05-25T08:00:00+00:00,0.39,10.9,0.0,30.39,28.6
2026-05-25T09:00:00+00:00,0.33,10.3,0.0,30.44,31.9
2026-05-25T10:00:00+00:00,0.61,10.5,0.07,30.42,27.2
2026-05-25T11:00:00+00:00,0.58,11.0,0.0,30.39,27.0
2026-05-25T12:00:00+00:00,0.42,10.5,0.0,30.4,32.7
2026-05-25T13:00:00+00:00,0.45,8.7,0.04,30.31,22.2
2026-05-25T14:00:00+00:00,0.67,10.8,0.0,30.21,29.5
2026-05-25T15:00:00+00:00,0.4,10.3,0.07,30.18,27.0
2026-05-25T16:00:00+00:00,0.43,9.5,0.07,30.01,24.8
2026-05-25T17:00:00+00:00,0.52,10.4,0.02,29.94,26.8
2026-05-25T18:00:00+00:00,0.46,8.8,0.09,29.83,24.5
2026-05-25T19:00:00+00:00,0.46,10.2,0.01,29.71,22.2
2026-05-25T20:00:00+00:00,0.57,10.2,0.0,29.64,21.5
2026-05-25T21:00:00+00:00,0.52,10.3,0.08,29.53,28.3
2026-05-25T22:00:00+00:00,0.59,13.3,0.0,29.56,27.2
2026-05-25T23:00:00+00:00,0.46,13.9,0.02,29.57,33.7
2026-05-26T00:00:00+00:00,0.56,15.4,0.01,29.62,36.1
2026-05-26T01:00:00+00:00,0.65,15.5,0.0,29.67,30.5
2026-05-26T02:00:00+00:00,0.65,20.3,0.02,29.81,40.4
2026-05-26T03:00:00+00:00,0.48,16.4,0.0,29.91,39.5
2026-05-26T04:00:00+00:00,0.53,16.4,0.02,29.97,41.1
2026-05-26T05:00:00+00:00,0.6,17.6,0.0,30.12,30.1
2026-05-26T06:00:00+00:00,0.54,17.3,0.03,30.18,43.1
2026-05-26T07:00:00+00:00,0.42,18.2,0.07,30.22,38.9
2026-05-26T08:00:00+00:00,0.63,16.3,0.0,30.44,32.8
2026-05-26T09:00:00+00:00,0.56,19.4,0.03,30.47,32.8
2026-05-26T10:00:00+00:00,0.47,17.5,0.0,30.42,36.3
2026-05-26T11:00:00+00:00,0.66,16.5,0.0,30.44,30.1
2026-05-26T12:00:00+00:00,0.52,16.5,0.0,30.4,23.5
2026-05-26T13:00:00+00:00,0.59,16.2,0.0,30.21,31.8
2026-05-26T14:00:00+00:00,0.61,18.2,0.0,30.28,20.7
2026-05-26T15:00:00+00:00,0.6,18.2,0.03,30.15,23.0
2026-05-26T16:00:00+00:00,0.55,16.5,0.02,29.98,19.1
2026-05-26T17:00:00+00:00,0.74,20.4,0.0,29.93,18.6
2026-05-26T18:00:00+00:00,0.49,16.5,0.0,29.83,19.3
2026-05-26T19:00:00+00:00,0.64,17.2,0.15,29.74,17.5
2026-05-26T20:00:00+00:00,0.65,18.4,0.0,29.7,17.8
2026-05-26T21:00:00+00:00,0.57,18.5,0.06,29.61,17.1
2026-05-26T22:00:00+00:00,0.59,17.8,0.0,29.67,18.0
2026-05-26T23:00:00+00:00,0.73,17.3,0.0,29.56,9.5
2026-05-27T00:00:00+00:00,0.52,18.6,0.01,29.8,21.5
2026-05-27T01:00:00+00:00,0.75,19.3,0.01,29.73,18.3
2026-05-27T02:00:00+00:00,0.7,21.1,0.1,29.8,19.1
2026-05-27T03:00:00+00:00,0.9,19.6,0.06,29.95,29.9
2026-05-27T04:00:00+00:00,0.49,21.4,0.0,29.98,28.2
2026-05-27T05:00:00+00:00,0.7,18.7,0.0,30.17,19.6
2026-05-27T06:00:00+00:00,0.73,23.1,0.01,30.33,21.0
2026-05-27T07:00:00+00:00,0.72,21.7,0.0,30.36,17.8
2026-05-27T08:00:00+00:00,0.82,20.1,0.0,30.49,22.9
2026-05-27T09:00:00+00:00,0.91,22.0,0.0,30.45,23.5
2026-05-27T10:00:00+00:00,0.64,19.1,0.14,30.46,12.7
2026-05-27T11:00:00+00:00,0.95,20.1,0.0,30.4,16.0
2026-05-27T12:00:00+00:00,0.88,19.5,0.05,30.42,11.3
2026-05-27T13:00:00+00:00,0.83,19.9,0.0,30.44,16.8
2026-05-27T14:00:00+00:00,0.78,19.3,0.0,30.25,2.4
2026-05-27T15:00:00+00:00,0.74,17.5,0.0,30.13,3.5
2026-05-27T16:00:00+00:00,0.91,17.5,0.03,30.16,0.0
2026-05-27T17:00:00+00:00,1.03,20.0,0.03,30.04,0.0
2026-05-27T18:00:00+00:00,0.93,18.1,0.02,29.86,0.0
2026-05-27T19:00:00+00:00,0.78,14.7,0.11,29.77,0.0
2026-05-27T20:00:00+00:00,0.71,16.5,0.0,29.72,0.0
2026-05-27T21:00:00+00:00,0.9,18.7,0.0,29.77,0.3
2026-05-27T22:00:00+00:00,0.93,16.3,0.0,29.64,4.3
2026-05-27T23:00:00+00:00,0.95,19.2,0.0,29.68,0.0
2026-05-28T00:00:00+00:00,0.96,17.7,0.0,29.81,0.0
2026-05-28T01:00:00+00:00,0.83,17.5,0.0,29.86,7.9
2026-05-28T02:00:00+00:00,0.75,15.9,0.01,30.0,0.6
2026-05-28T03:00:00+00:00,0.92,19.6,0.0,30.08,8.3
2026-05-28T04:00:00+00:00,0.8,18.1,0.0,30.23,6.9
2026-05-28T05:00:00+00:00,0.88,17.3,0.04,30.31,14.8
2026-05-28T06:00:00+00:00,0.97,16.1,0.0,30.3,5.8
2026-05-28T07:00:00+00:00,1.01,16.5,0.02,30.44,15.9
2026-05-28T08:00:00+00:00,0.97,16.2,0.04,30.48,14.8
2026-05-28T09:00:00+00:00,0.85,16.0,0.0,30.63,12.8
2026-05-28T10:00:00+00:00,0.88,16.4,0.0,30.58,12.0
2026-05-28T11:00:00+00:00,0.91,15.8,0.01,30.51,8.8
2026-05-28T12:00:00+00:00,1.0,10.8,0.02,30.54,8.8
2026-05-28T13:00:00+00:00,0.92,12.3,0.06,30.34,7.4
2026-05-28T14:00:00+00:00,0.9,13.2,0.0,30.3,11.0
2026-05-28T15:00:00+00:00,1.04,12.0,0.0,30.33,12.9
2026-05-28T16:00:00+00:00,0.97,10.4,0.0,30.25,0.1
2026-05-28T17:00:00+00:00,0.81,10.7,0.0,30.04,6.4
2026-05-28T18:00:00+00:00,0.82,11.1,0.07,30.08,5.9
2026-05-28T19:00:00+00:00,0.83,11.9,0.02,29.89,6.9
2026-05-28T20:00:00+00:00,0.94,9.6,0.03,29.81,6.7
2026-05-28T21:00:00+00:00,0.83,9.8,0.0,29.78,12.7
2026-05-28T22:00:00+00:00,0.88,10.7,0.0,29.7,9.1
2026-05-28T23:00:00+00:00,0.93,10.3,0.0,29.81,13.4
2026-05-29T00:00:00+00:00,0.91,11.2,0.02,29.85,19.7
2026-05-29T01:00:00+00:00,0.79,11.1,0.0,29.79,22.5
2026-05-29T02:00:00+00:00,0.95,9.7,0.06,30.03,24.8
2026-05-29T03:00:00+00:00,0.88,10.8,0.01,30.1,27.3
2026-05-29T04:00:00+00:00,0.96,9.5,0.06,30.29,26.3
2026-05-29T05:00:00+00:00,0.84,10.6,0.0,30.17,35.2
2026-05-29T06:00:00+00:00,0.86,11.1,0.0,30.42,33.3
2026-05-29T07:00:00+00:00,0.78,8.9,0.0,30.53,35.9
2026-05-29T08:00:00+00:00,0.92,10.7,0.0,30.48,33.4
2026-05-29T09:00:00+00:00,0.74,9.2,0.0,30.58,25.1
2026-05-29T10:00:00+00:00,0.82,8.0,0.0,30.69,22.9
2026-05-29T11:00:00+00:00,0.9,9.7,0.05,30.64,25.3
2026-05-29T12:00:00+00:00,0.91,9.3,0.07,30.62,30.0
2026-05-29T13:00:00+00:00,0.83,9.1,0.0,30.66,26.7
2026-05-29T14:00:00+00:00,0.73,7.3,0.0,30.41,24.3
2026-05-29T15:00:00+00:00,0.84,6.9,0.06,30.29,29.0
2026-05-29T16:00:00+00:00,0.84,7.4,0.08,30.25,17.4
2026-05-29T17:00:00+00:00,0.9,5.4,0.06,30.2,18.3
2026-05-29T18:00:00+00:00,0.86,6.9,0.08,30.04,17.6
2026-05-29T19:00:00+00:00,0.81,6.0,0.0,30.11,17.5
2026-05-29T20:00:00+00:00,0.74,10.9,0.05,29.91,23.4
2026-05-29T21:00:00+00:00,0.82,7.2,0.04,29.85,34.1
2026-05-29T22:00:00+00:00,0.78,7.3,0.02,29.93,24.6
2026-05-29T23:00:00+00:00,0.85,8.2,0.03,29.9,31.0
2026-05-30T00:00:00+00:00,0.7,8.3,0.0,29.94,30.7
2026-05-30T01:00:00+00:00,0.75,8.9,0.0,30.11,34.4
2026-05-30T02:00:00+00:00,0.64,6.2,0.0,30.12,30.4
2026-05-30T03:00:00+00:00,0.81,9.7,0.04,30.23,34.5
2026-05-30T04:00:00+00:00,0.65,11.4,0.07,30.3,48.5
2026-05-30T05:00:00+00:00,0.68,9.5,0.0,30.38,40.9
2026-05-30T06:00:00+00:00,0.72,11.8,0.14,30.55,41.8
2026-05-30T07:00:00+00:00,0.58,11.8,0.0,30.63,37.2
2026-05-30T08:00:00+00:00,0.81,8.4,0.0,30.57,42.3
2026-05-30T09:00:00+00:00,0.71,10.3,0.0,30.71,30.7
2026-05-30T10:00:00+00:00,0.65,10.2,0.06,30.81,36.9
2026-05-30T11:00:00+00:00,0.68,13.3,0.06,30.71,32.9
2026-05-30T12:00:00+00:00,0.66,9.6,0.0,30.68,27.8
2026-05-30T13:00:00+00:00,0.67,9.0,0.0,30.69,21.5
2026-05-30T14:00:00+00:00,0.54,10.7,0.0,30.56,27.1
2026-05-30T15:00:00+00:00,0.58,9.5,0.0,30.46,16.3
2026-05-30T16:00:00+00:00,0.59,10.5,0.0,30.4,19.1
2026-05-30T17:00:00+00:00,0.62,10.4,0.0,30.35,20.1
2026-05-30T18:00:00+00:00,0.44,9.2,0.0,30.15,21.4
2026-05-30T19:00:00+00:00,0.51,11.7,0.09,29.95,19.1
2026-05-30T20:00:00+00:00,0.54,10.8,0.0,29.98,6.7
2026-05-30T21:00:00+00:00,0.73,12.2,0.0,30.0,16.8
2026-05-30T22:00:00+00:00,0.71,13.9,0.0,30.08,17.9
2026-05-30T23:00:00+00:00,0.5,13.3,0.0,29.95,19.2
